{
  "employees": [
    {
      "id": 2,
      "employee_name": "Sowmiya",
      "employee_email": "sow@gmail.com",
      "employee_salary": 154000,
      "employee_age": "60"
    },
    {
      "id": 6,
      "employee_name": "savitha",
      "employee_email": "Savit@gmail.com",
      "employee_salary": "57000",
      "employee_age": "45"
    },
    {
      "id": 5,
      "employee_name": "KayalVizhi",
      "employee_email": "kayal@hotmail.com",
      "employee_salary": "30000",
      "employee_age": "23"
    },
    {
      "id": 1,
      "employee_name": "Swetha",
      "employee_email": "swe@yahoo.com",
      "employee_salary": "250000",
      "employee_age": "20"
    },
    {
      "id": 3,
      "employee_name": "Sharmila",
      "employee_email": "shar@yahoo.com",
      "employee_salary": "250000",
      "employee_age": "21"
    }
  ],
  "admin": [
    {
      "email": "kalvi1@gmail.com",
      "password": "Kalvi123@",
      "id": 1
    }
  ]
}